ID,Step,Distance,Azimuth,Rotation,TransitTime
0,1,6.144,285.7,223.749,3.019
0,2,5.774,69.912,339.728,3.412
0,3,5.868,100.232,64.269,3.168
0,4,5.129,42.216,255.777,3.801
0,5,6.112,152.362,62.362,3.268
0,6,6.19,99.114,-170.886,3.21
0,7,6.265,261.153,171.089,3.063
0,8,6.333,98.404,-171.596,3.587
0,9,6.424,260.361,126.073,3.187
0,10,7.124,139.797,139.797,4.358
0,11,5.817,0.001,336.148,3.243
0,12,4.943,28.421,226.957,3.523
0,13,5.955,164.698,245.351,3.849
0,14,5.879,268.171,186.793,3.054
0,15,5.812,90.348,144.04,3.744
0,16,5.227,296.334,229.078,3.94
0,17,4.893,80.123,321.053,3.249
0,18,5.434,128.091,38.091,3.393
0,19,5.528,100.611,115.571,3.704
0,20,4.463,341.353,244.492,3.376
0,21,4.693,109.229,215.135,3.85
0,22,5.132,241.598,151.598,3.297
0,23,5.226,100.915,278.876,3.047
0,24,6.14,181.735,-88.265,3.498
0,25,6.229,260.301,285.267,3.405
0,26,5.321,330.387,296.816,3.222
0,27,4.547,40.328,342.937,3.059
0,28,4.126,68.191,319.133,3.942
0,29,4.648,122.976,-147.024,3.876
0,30,4.791,255.951,21.789,3.588
0,31,5.491,225.016,152.88,3.629
0,32,5.26,83.497,239.094,3.301
0,33,6.176,200.602,110.602,3.663
0,34,6.274,100.088,342.688,3.513
0,35,6.823,125.285,-144.715,3.392
0,36,6.899,261.523,189.3,3.57
0,37,6.651,81.042,3.849,3.903
0,38,6.493,87.32,201.718,3.298
0,39,6.96,238.167,229.534,3.198
0,40,6.013,10.007,144.322,3.818
0,41,6.862,218.822,-51.178,3.492
0,42,6.942,261.315,356.198,3.559
0,43,7.112,256.517,256.517,4.821
0,44,5.666,0.004,201.025,3.835
0,45,6.753,162.485,72.485,3.396
0,46,6.829,98.577,103.693,3.036
0,47,5.922,354.098,71.205,3.025
0,48,5.788,274.102,117.814,3.906
0,49,6.877,160.214,-109.786,3.378
0,50,6.951,261.616,5.492,3.163
0,51,7.238,248.81,248.81,4.113
0,52,6.004,359.997,263.095,3.761
0,53,6.241,107.239,-162.761,3.403
0,54,6.324,260.709,323.159,3.686
0,55,5.895,287.972,161.522,3.492
0,56,6.572,133.817,43.817,3.803
0,57,6.67,99.852,144.438,3.069
0,58,6.049,309.28,17.99,3.409
0,59,5.758,281.763,313.139,3.025
0,60,5.005,323.206,127.876,3.236
0,61,5.947,192.853,43.169,3.463
0,62,6.864,154.069,64.069,3.226
0,63,6.932,98.028,8.028,3.195
0,64,6.997,97.871,171.225,3.224
0,65,6.784,278.798,58.904,3.359
0,66,7.585,215.008,215.008,4.135
0,67,6.344,359.997,234.947,3.524
0,68,7.005,132.148,132.148,4.248
0,69,5.731,359.995,329.54,3.154
0,70,4.938,36.024,284.794,3.724
0,71,5.443,122.252,258.543,3.004
0,72,6.127,217.877,127.877,3.442
0,73,6.214,99.564,290.107,3.579
0,74,7.272,171.004,171.004,4.409
0,75,5.949,0.002,218.396,3.933
0,76,6.913,147.694,-122.306,3.324
0,77,6.985,261.794,339.799,3.82
0,78,6.84,272.561,291.198,3.956
0,79,5.727,337.565,177.244,3.116
0,80,6.615,163.046,-106.954,3.822
0,81,6.714,260.169,225.397,3.362
0,82,5.913,40.354,306.296,3.221
0,83,6.059,103.208,345.217,3.413
0,84,6.601,125.863,32.916,3.482
0,85,6.737,101.855,133.182,3.974
0,86,5.752,322.486,354.191,3.025
0,87,5.003,322.824,2.752,3.547
0,88,4.242,310.81,2.632,3.802
0,89,3.648,293.953,355.904,3.28
0,90,3.302,282.805,176.224,3.732
0,91,3.777,123.087,289.659,3.695
0,92,4.862,190.386,24.461,3.317
0,93,5.832,168.302,-101.698,3.992
0,94,5.953,258.397,102.781,3.707
0,95,6.982,159.389,69.389,3.151
0,96,7.045,97.712,97.712,4.344
0,97,5.742,0.002,1.823,3.232
0,98,4.773,357.809,157.966,3.262
0,99,5.704,196.505,-73.495,3.111
0,100,5.779,260.71,295.162,3.746
0,101,4.894,318.085,2.343,3.08
0,102,4.281,307.073,26.783,3.112
0,103,4.215,267.701,136.982,3.517
0,104,4.968,139.981,38.156,3.725
0,105,5.311,113.716,23.716,3.758
0,106,5.429,101.978,87.953,3.679
0,107,4.366,17.541,34.188,3.728
0,108,3.31,337.801,162.132,3.672
0,109,4.41,176.747,200.682,3.031
0,110,3.598,330.171,13.406,3.262
0,111,2.961,303.68,110.563,3.205
0,112,3.904,189.908,109.057,3.56
0,113,3.879,96.619,270.788,3.418
0,114,4.901,184.617,132.438,3.876
0,115,4.287,64.557,178.096,3.921
0,116,4.877,233.691,143.691,3.523
0,117,4.991,102.226,178.89,3.542
0,118,4.857,271.046,230.082,3.071
0,119,4.204,49.221,245.745,3.101
0,120,5.103,166.444,238.488,3.661
0,121,4.877,275.592,16.094,3.314
0,122,5.152,248.557,175.382,3.649
0,123,4.947,85.404,202.168,3.407
0,124,5.483,233.653,256.588,3.299
0,125,4.588,332.248,70.272,3.825
0,126,4.882,248.521,13.96,3.871
0,127,5.635,224.898,-45.102,3.524
0,128,5.734,259.376,198.812,3.099
0,129,5.339,69.281,200.87,3.545
0,130,6.097,220.917,193.184,3.593
0,131,5.168,33.302,102.561,3.634
0,132,4.889,278.699,78.41,3.03
0,133,5.751,197.145,-72.855,3.052
0,134,5.823,260.948,340.685,3.629
0,135,5.73,269.494,187.759,3.79
0,136,5.679,93.159,291.956,3.581
0,137,6.705,164.162,-105.838,3.472
0,138,6.785,261.168,334.002,3.353
0,139,6.559,278.743,195.094,3.071
0,140,6.521,91.723,310.718,3.26
0,141,7.307,145.833,145.833,4.424
0,142,5.98,359.997,211.262,3.122
0,143,6.798,152.838,-117.162,3.006
0,144,6.858,262.446,185.52,3.842
0,145,6.692,86.587,311.853,3.728
0,146,7.521,140.799,140.799,4.688
0,147,6.115,359.999,349.725,3.369
0,148,5.123,12.289,309.064,3.974
0,149,4.708,76.289,327.312,3.059
0,150,5.081,118.805,204.318,3.721
0,151,5.116,261.927,68.274,3.474
0,152,6.133,191.351,101.351,3.138
0,153,6.205,98.725,36.371,3.676
0,154,5.776,72.095,92.547,3.922
0,155,4.692,334.522,68.974,3.35
0,156,4.873,253.68,39.159,3.776
0,157,5.842,208.209,225.402,3.664
0,158,4.803,338.924,295.208,3.444
0,159,4.119,53.705,302.533,3.799
0,160,4.653,124.372,146.199,3.625
0,161,3.666,331.841,201.007,3.163
0,162,4.346,140.346,216.476,3.921
1,1,6.974,46.706,139.421,3.902
1,2,7.126,257.838,257.838,4.307
1,3,5.834,359.997,227.224,3.621
1,4,6.62,139.691,310.166,3.871
1,5,7.767,188.106,188.106,4.932
1,6,6.288,359.999,169.019,3.636
1,7,7.361,189.361,189.361,4.066
1,8,6.142,359.999,110.678,3.012
1,9,6.516,241.869,12.032,3.9
1,10,7.325,222.829,222.829,4.683
1,11,5.92,0.003,274.346,3.501
1,12,5.934,95.819,206.072,3.475
1,13,6.37,240.912,-29.088,3.117
1,14,6.438,261.644,265.111,3.082
1,15,5.515,355.957,269.398,3.192
1,16,5.54,96.497,-173.503,3.548
1,17,5.642,259.129,224.5,3.061
1,18,4.914,40.727,68.519,3.313
1,19,4.062,325.661,193.994,3.644
1,20,4.858,141.348,276.534,3.838
1,21,5.732,216.679,-53.321,3.904
1,22,5.851,258.448,227.903,3.79
1,23,4.905,37.315,90.915,3.196
1,24,4.405,296.304,38.68,3.481
1,25,4.74,245.201,21.479,3.602
1,26,5.571,216.017,-53.983,3.798
1,27,5.686,258.44,232.458,3.866
1,28,4.671,32.221,195.676,3.472
1,29,5.677,193.549,0.774,3.336
1,30,6.658,190.871,-79.129,3.625
1,31,6.746,260.722,53.228,3.57
1,32,7.711,203.818,203.818,4.686
1,33,6.305,0.003,187.47,3.374
1,34,7.311,173.564,173.564,4.898
1,35,5.841,0.004,200.85,3.369
1,36,6.795,162.187,-107.813,3.91
1,37,6.896,260.209,-9.791,3.519
1,38,6.976,261.299,-8.701,3.654
1,39,7.062,261.067,261.067,4.579
1,40,5.688,0.006,324.401,3.132
1,41,4.954,41.943,290.372,3.9
1,42,5.493,122.996,32.996,3.044
1,43,5.569,99.437,293.298,3.52
1,44,6.6,168.333,-101.667,3.151
1,45,6.667,261.848,104.248,3.271
1,46,7.583,160.424,160.424,4.827
1,47,6.135,359.995,138.652,3.714
1,48,7.01,215.314,215.314,4.877
1,49,5.547,0.001,22.811,3.445
1,50,4.613,332.207,181.23,3.201
1,51,5.473,155.858,65.858,3.229
1,52,5.558,100.043,304.593,3.276
1,53,6.464,159.071,-110.929,3.11
1,54,6.531,261.784,299.22,3.207
1,55,5.797,316.77,260.406,3.049
1,56,5.344,64.556,42.084,3.936
1,57,4.277,28.528,65.043,3.169
1,58,3.558,314.345,42.829,3.104
1,59,3.654,256.768,37.267,3.628
1,60,4.547,210.748,235.585,3.67
1,61,3.578,327.73,327.251,3.934
1,62,2.397,0.718,-269.282,3.18
1,63,2.58,248.304,39.933,3.066
1,64,3.418,201.016,172.919,3.706
1,65,2.493,40.226,262.495,3.128
1,66,3.249,148.933,262.619,3.948
1,67,3.88,230.083,242.013,3.401
1,68,2.889,343.878,34.081,3.322
1,69,2.378,291.017,201.017,3.509
1,70,2.6,113.874,355.673,3.109
1,71,3.15,133.336,146.334,3.649
1,72,2.098,340.259,70.259,3.267
1,73,2.316,244.968,307.931,3.293
1,74,2.064,271.794,181.794,3.679
1,75,2.34,118.143,160.099,3.94
1,76,1.661,289.631,19.631,3.097
1,77,1.902,240.782,305.002,3.524
1,78,1.729,262.37,0.467,3.277
1,79,2.105,234.36,162.923,3.562
1,80,2.035,101.296,11.296,3.063
1,81,2.233,114.294,311.257,3.112
1,82,3.138,168.011,113.5,3.587
1,83,2.662,73.736,0.38,3.207
1,84,2.558,94.486,344.371,3.464
1,85,3.075,128.628,4.028,3.828
1,86,3.845,138.835,172.586,3.244
1,87,3.084,316.151,239.379,3.429
1,88,3.019,96.151,235.975,3.681
1,89,3.928,209.723,258.346,3.717
1,90,3.299,296.687,102.969,3.323
1,91,4.274,190.552,253.977,3.27
1,92,3.934,283.693,264.644,3.572
1,93,2.942,25.877,102.344,3.11
1,94,2.871,265.119,351.067,3.028
1,95,2.949,256.158,298.578,3.783
1,96,2.245,297.644,27.644,3.999
1,97,2.546,241.892,346.441,3.989
1,98,3.073,233.322,125.13,3.872
1,99,3.609,126.001,75.617,3.507
1,100,3.048,65.805,197.517,3.883
1,101,3.921,215.478,302.942,3.584
1,102,4.02,257.03,226.378,3.5
1,103,3.163,40.394,-229.606,3.072
1,104,3.294,253.75,27.746,3.96
1,105,4.207,214.282,37.268,3.927
1,106,5.384,177.672,87.672,3.344
1,107,5.477,100.557,199.386,3.788
1,108,5.761,249.93,-20.07,3.305
1,109,5.846,260.238,38.837,3.428
1,110,6.652,215.531,204.508,3.641
1,111,5.583,13.165,130.204,3.97
1,112,6.215,233.136,94.519,3.632
1,113,7.069,144.463,144.463,4.706
1,114,5.657,0.002,217.67,3.87
1,115,6.614,148.491,-121.509,3.135
1,116,6.681,261.91,171.91,3.635
1,117,6.769,99.273,219.287,3.065
1,118,7.272,233.701,233.701,4.614
1,119,5.888,0.001,285.841,3.115
1,120,5.705,83.23,26.014,3.104
1,121,5.26,65.776,46.181,3.882
1,122,4.181,24.96,172.972,3.099
1,123,4.994,206.324,270.299,3.512
1,124,4.63,284.22,185.215,3.919
1,125,4.953,112.566,3.415,3.184
1,126,5.342,118.875,309.013,3.228
1,127,6.297,171.412,81.412,3.849
1,128,6.402,100.392,257.399,3.079
1,129,7.261,200.142,200.142,4.555
1,130,5.895,0.006,317.796,3.334
1,131,5.197,49.641,17.13,3.355
1,132,4.382,39.606,24.224,3.976
1,133,3.247,20.967,228.37,3.468
1,134,4.199,159.14,87.494,3.135
1,135,4.003,84.521,8.016,3.702
1,136,3.896,92.602,325.004,3.622
1,137,4.64,138.293,147.919,3.623
1,138,3.573,347.461,43.033,3.293
1,139,3.123,289.309,220.825,3.479
1,140,2.907,87.983,3.533,3.37
1,141,2.984,104.165,112.034,3.3
1,142,2.008,348.244,317.775,3.528
1,143,1.22,56.569,-213.431,3.584
1,144,1.626,228.594,20.636,3.697
1,145,2.657,196.664,92.85,3.675
1,146,3.11,123.952,208.557,3.687
1,147,3.202,255.284,333.082,3.971
1,148,3.171,260.667,200.381,3.872
1,149,2.785,81.516,151.736,3.367
1,150,2.621,268.514,143.795,3.285
1,151,3.284,138.998,114.007,3.188
1,152,2.45,34.476,-235.524,3.958
1,153,2.723,244.154,181.135,3.914
1,154,2.427,88.548,22.005,3.642
1,155,2.23,93.245,-176.755,3.616
1,156,2.48,244.053,163.951,3.383
1,157,2.514,103.547,65.262,3.264
1,158,1.848,57.453,-212.547,3.265
1,159,2.092,242.085,346.429,3.901
1,160,2.638,230.191,217.566,3.184
1,161,1.719,19.604,-250.396,3.889
1,162,2.077,235.837,235.076,3.083
2,1,5.104,268.595,206.514,3.83
2,2,4.678,74.617,138.542,3.381
2,3,4.329,283.929,165.523,3.339
2,4,4.885,128.791,86.707,3.072
2,5,4.247,50.45,297.303,3.76
2,6,4.804,125.611,342.504,3.074
2,7,5.568,148.813,75.485,3.22
2,8,5.372,83.252,73.256,3.228
2,9,4.421,12.181,177.081,3.372
2,10,5.404,192.307,102.307,3.609
2,11,5.511,101.337,11.337,3.691
2,12,5.621,101.358,11.358,3.087
2,13,5.696,99.355,135.56,3.942
2,14,4.793,315.413,259.697,3.669
2,15,4.271,68.007,213.458,3.434
2,16,5.153,208.044,118.044,3.936
2,17,5.286,102.905,357.327,3.253
2,18,5.627,115.199,158.729,3.697
2,19,4.883,307.465,299.395,3.659
2,20,3.799,10.388,55.914,3.92
2,21,3.092,298.725,201.096,3.478
2,22,3.392,115.379,180.274,3.991
2,23,3.08,274.501,316.693,3.252
2,24,2.447,302.267,220.453,3.86
2,25,2.553,108.48,184.3,3.872
2,26,2.533,257.772,55.313,3.421
2,27,3.503,196.037,178.421,3.201
2,28,2.604,24.019,96.232,3.041
2,29,2.483,267.31,240.389,3.865
2,30,1.541,46.844,-223.156,3.979
2,31,1.949,232.233,134.469,3.732
2,32,2.375,125.593,81.838,3.52
2,33,1.77,68.111,357.608,3.343
2,34,1.719,103.873,-166.127,3.982
2,35,2.093,235.195,202.101,3.901
2,36,1.283,62.946,-207.054,3.268
2,37,1.615,232.635,84.061,3.339
2,38,2.524,160.513,330.209,3.943
2,39,3.694,187.02,139.933,3.556
2,40,3.069,61.835,-208.165,3.677
2,41,3.262,250.234,8.184,3.846
2,42,3.937,227.047,276.393,3.741
2,43,3.316,295.779,281.731,3.723
2,44,2.25,20.968,-69.032,3.148
2,45,2.44,112.775,272.092,3.75
2,46,3.514,194.191,273.236,3.718
2,47,3.479,262.611,111.026,3.416
2,48,4.407,157.939,305.642,3.985
2,49,5.455,205.568,-64.432,3.614
2,50,5.562,258.756,251.124,3.831
2,51,4.425,9.607,296.427,3.077
2,52,4.25,85.179,271.21,3.955
2,53,5.432,175.286,85.286,3.111
2,54,5.511,99.745,-170.255,3.378
2,55,5.603,259.583,316.137,3.902
2,56,5.053,292.297,79.98,3.855
2,57,6.062,206.466,320.48,3.314
2,58,6.53,237.988,-32.012,3.476
2,59,6.612,260.924,23.445,3.573
2,60,7.244,230.309,230.309,4.129
2,61,6.006,0,122.716,3.896
2,62,6.71,228.86,85.317,3.369
2,63,7.546,148.108,148.108,4.58
2,64,6.172,360,145.642,3.334
2,65,7.021,209.744,209.744,4.403
2,66,5.7,0.003,32.629,3.282
2,67,4.9,321.158,340.5,3.871
2,68,3.824,334.884,205.508,3.613
2,69,4.589,139.897,200.553,3.555
2,70,4.172,286.464,246.05,3.455
2,71,3.449,51.642,289.918,3.825
2,72,4.168,135.272,45.055,3.635
2,73,4.312,104.868,29.937,3.802
2,74,4.164,90.269,350.893,3.155
2,75,4.417,111.583,262.58,3.646
2,76,5.4,203.37,113.37,3.703
2,77,5.513,101.625,339.85,3.806
2,78,6.191,130.795,158.214,3.187
2,79,5.361,327.872,334.427,3.364
2,80,4.359,351.932,229.684,3.918
2,81,5.084,133.527,329.33,3.008
2,82,5.957,166.562,76.562,3.503
2,83,6.05,100.004,112.377,3.436
2,84,5.047,345.124,331.092,3.98
2,85,3.899,18.286,210.942,3.599
2,86,4.958,170.083,80.083,3.396
2,87,5.061,101.612,192.056,3.273
2,88,5.164,258.599,102.376,3.212
2,89,6.058,159.902,69.902,3.763
2,90,6.162,100.553,235.704,3.949
2,91,7.051,218.043,218.043,4.014
2,92,5.847,0.001,198.817,3.633
2,93,6.888,164.11,-105.89,3.124
2,94,6.951,262.253,172.253,3.116
2,95,7.013,97.656,97.656,4.826
2,96,5.565,359.999,59.791,3.861
2,97,5.083,288.854,180.248,3.784
2,98,5.55,119.785,-150.215,3.99
2,99,5.678,257.833,-12.167,3.894
2,100,5.797,258.374,142.889,3.9
2,101,6.388,125.001,295.154,3.451
2,102,7.41,188.477,188.477,4.781
2,103,5.975,359.996,107.364,3.07
2,104,6.312,244.626,154.626,3.261
2,105,6.387,98.816,201.143,3.283
2,106,6.667,249.371,334.682,3.985
2,107,6.677,264.407,99.141,3.067
2,108,7.571,167.04,167.04,4.322
2,109,6.275,0.003,25.801,3.721
2,110,5.292,328.932,125.388,3.92
2,111,6.387,199.323,109.323,3.734
2,112,6.484,99.948,247.675,3.29
2,113,7.337,208.156,208.156,4.297
2,114,6.048,359.994,347.621,3.7
2,115,4.969,15.117,62.505,3.207
2,116,4.376,303.298,54.244,3.437
2,117,4.84,237.578,-32.422,3.65
2,118,4.963,257.257,167.257,3.082
2,119,5.048,100.558,57.855,3.583
2,120,4.32,52.414,282.476,3.087
2,121,4.966,138.159,48.159,3.125
2,122,5.055,100.688,294.081,3.543
2,123,6.094,168.922,78.922,3.411
2,124,6.179,99.529,181.324,3.407
2,125,6.117,268.682,163.191,3.131
2,126,6.432,113.58,23.58,3.509
2,127,6.518,99.297,65.734,3.888
2,128,5.583,40.198,117.346,3.053
2,129,5.453,273.426,315.439,3.209
2,130,4.782,310.24,274.549,3.939
2,131,3.884,45.921,87.459,3.45
2,132,3.184,306.012,132.124,3.918
2,133,4.354,175.533,324.66,3.866
2,134,5.383,204.526,5.595,3.353
2,135,6.343,195.985,-74.015,3.478
2,136,6.428,260.653,169.625,3.629
2,137,6.538,100.614,166.593,3.013
2,138,6.225,286.4,200.694,3.3
2,139,6.229,94.823,101.097,3.684
2,140,5.132,352.372,259.891,3.72
2,141,5.299,104.63,144.478,3.879
2,142,4.468,310.551,271.874,3.582
2,143,3.691,49.166,20.214,3.979
2,144,2.709,41.273,8.985,3.352
2,145,1.934,48.405,-41.595,3.507
2,146,2.202,118.527,337.852,3.387
2,147,3.056,152.837,94.857,3.45
2,148,2.656,77.279,-12.721,3.234
2,149,2.828,110.065,54.508,3.731
2,150,2.38,78.368,53.466,3.281
2,151,1.544,40.472,-49.528,3.287
2,152,1.832,122.555,320.589,3.771
2,153,2.929,168.843,118.934,3.318
2,154,2.411,68.329,-201.671,3.553
2,155,2.636,246.16,90.166,3.026
2,156,3.485,162.085,259.463,3.492
2,157,3.765,246.607,317.309,3.932
2,158,3.554,271.043,200.994,3.968
2,159,3.341,89.616,-180.384,3.34
2,160,3.487,253.299,345.67,3.076
2,161,3.645,252.975,173.575,3.255
2,162,3.596,94.881,67.532,3.307
3,1,2.46,230.712,135.192,3.983
3,2,2.836,120.318,19.343,3.369
3,3,3.187,119.119,44.814,3.413
3,4,3.073,93.018,91.363,3.967
3,5,1.884,2.712,-87.288,3.821
3,6,2.205,121.311,218.484,3.689
3,7,2.587,237.726,36.616,3.82
3,8,3.679,194.666,46.107,3.266
3,9,4.544,155.021,125.639,3.962
3,10,3.557,38.811,59.381,3.871
3,11,2.503,330.048,60.048,3.2
3,12,2.681,249.013,167.811,3.604
3,13,2.733,104.201,46.649,3.639
3,14,2.337,80.773,-189.227,3.298
3,15,2.538,247.045,204.025,3.286
3,16,1.937,63.337,-26.663,3.759
3,17,2.241,120.215,359.792,3.558
3,18,2.93,138.727,193.618,3.785
3,19,2.459,282.911,359.246,3.946
3,20,2.465,255.833,141.383,3.075
3,21,2.968,130.882,241.801,3.829
3,22,3.544,231.452,144.58,3.504
3,23,3.641,103.62,357.978,3.887
3,24,4.112,121.487,286.069,3.711
3,25,5.194,192.148,95.785,3.215
3,26,5.387,106.619,133.928,3.402
3,27,4.504,326.724,139.289,3.176
3,28,5.45,186.139,96.139,3.613
3,29,5.557,101.249,28.023,3.369
3,30,5.354,83.636,296.244,3.083
3,31,6.152,152.036,-117.964,3.902
3,32,6.262,259.228,266.232,3.81
3,33,5.13,351.442,76.886,3.682
3,34,5.161,262.241,282.932,3.055
3,35,4.316,335.001,147.461,3.715
3,36,5.423,185.992,95.992,3.964
3,37,5.551,102.37,191.648,3.925
3,38,5.66,258.715,301.707,3.395
3,39,4.964,308.968,243.953,3.415
3,40,4.625,76.594,136.015,3.32
3,41,4.206,288.821,352.972,3.284
3,42,3.879,282.638,321.99,3.097
3,43,3.215,310.091,220.091,3.427
3,44,3.375,107.732,341.028,3.252
3,45,4.035,137.879,337.366,3.694
3,46,5.093,164.67,93.665,3.084
3,47,4.871,81.358,297.936,3.413
3,48,5.726,149.535,59.535,3.38
3,49,5.815,100.047,336.091,3.403
3,50,6.441,131.511,161.045,3.476
3,51,5.558,325.157,128.534,3.06
3,52,6.443,194.291,104.291,3.758
3,53,6.541,99.924,128.284,3.736
3,54,5.58,326.161,178.359,3.963
3,55,6.616,153.297,63.297,3.336
3,56,6.692,98.602,338.362,3.283
3,57,7.238,126.99,126.99,4.201
3,58,5.977,0,260.866,3.937
3,59,6.274,109.845,164.088,3.694
3,60,5.698,296.681,137.149,3.071
3,61,6.569,162.34,72.34,3.249
3,62,6.641,98.439,282.917,3.05
3,63,7.554,176.064,176.064,4.769
3,64,6.123,359.999,352,3.739
3,65,5.015,9.784,273.665,3.865
3,66,5.266,108.76,135.288,3.835
3,67,4.268,326.552,145.029,3.645
3,68,5.362,181.211,-88.789,3.495
3,69,5.464,258.934,-11.066,3.887
3,70,5.587,257.956,288.951,3.587
3,71,4.697,322.229,157.467,3.808
3,72,5.807,167.722,77.722,3.435
3,73,5.898,100.065,253.352,3.364
3,74,6.815,202.896,112.896,3.239
3,75,6.885,98.113,8.113,3.566
3,76,6.967,98.835,183.491,3.847
3,77,6.955,265.836,123.471,3.257
3,78,7.751,146.782,146.782,4.888
3,79,6.286,360,92.4,3.854
3,80,6.438,257.258,167.258,3.534
3,81,6.525,99.354,228.304,3.354
3,82,7.199,224.814,224.814,4.339
3,83,5.898,0.001,9.694,3.001
3,84,5.013,348.579,286.903,3.541
3,85,4.604,73.398,57.582,3.467
3,86,3.615,20.317,148.47,3.756
3,87,4.401,220.23,95.379,3.135
3,88,4.998,133.736,43.736,3.395
3,89,5.1,101.515,-168.485,3.996
3,90,5.239,256.77,87.247,3.143
3,91,6.168,171.115,-98.885,3.726
3,92,6.269,259.725,90.472,3.732
3,93,7.372,170.877,170.877,4.81
3,94,5.929,359.996,22.106,3.775
3,95,4.899,332.893,191.545,3.283
3,96,5.702,147.539,-122.461,3.962
3,97,5.824,258.227,118.303,3.93
3,98,6.769,146.358,56.358,3.56
3,99,6.853,98.969,179.716,3.696
3,100,6.764,269.941,214.676,3.448
3,101,6.233,63.102,305.148,3.506
3,102,6.79,125.819,91.82,3.779
3,103,5.885,40.189,235.699,3.504
3,104,6.904,166.825,-103.175,3.493
3,105,6.983,261.37,-8.63,3.28
3,106,7.052,261.977,261.977,4.923
3,107,5.575,0.004,156.906,3.691
3,108,6.608,199.333,-70.667,3.795
3,109,6.705,260.221,44.988,3.83
3,110,7.673,210.275,210.275,4.891
3,111,6.206,0.003,201.351,3.711
3,112,7.254,161.854,161.854,4.414
3,113,5.93,359.998,145.013,3.32
3,114,6.77,210.15,308.988,3.045
3,115,6.97,253.72,282.467,3.153
3,116,6.158,327.017,317.607,3.03
3,117,5.263,11.031,156.229,3.793
3,118,6.231,208.82,-61.18,3.185
3,119,6.304,261.284,280.003,3.745
3,120,5.252,337.342,354.603,3.633
3,121,4.223,338.342,14.945,3.834
3,122,3.37,311.662,64.52,3.163
3,123,3.84,233.979,225.153,3.298
3,124,2.866,11.86,13.012,3.855
3,125,1.71,358.068,88.068,3.132
3,126,1.951,241.205,168.831,3.11
3,127,1.891,100.427,88.231,3.306
3,128,0.945,24.984,204.984,4.524
3,129,2.303,179.988,329.502,3.689
3,130,3.304,200.698,94.305,3.802
3,131,3.788,123.186,227.698,3.835
3,132,4.225,240.202,169.483,3.352
3,133,4.007,84.425,330.353,3.891
3,134,4.608,127.447,322.724,3.161
3,135,5.529,167.314,77.314,3.234
3,136,5.613,99.958,35.805,3.368
3,137,5.251,74.121,66.489,3.061
3,138,4.343,9.242,77.237,3.41
3,139,4.072,278.534,149.04,3.035
3,140,4.703,138.083,215.758,3.219
3,141,4.595,270.475,329.668,3.602
3,142,4.147,287.867,42.586,3.175
3,143,4.627,234.499,151.359,3.055
3,144,4.608,94.524,137.918,3.244
3,145,3.958,306.884,84.116,3.011
3,146,4.661,215.204,-54.796,3.662
3,147,4.789,256.737,70.961,3.996
3,148,5.982,184.62,94.62,3.542
3,149,6.076,100.071,121.403,3.163
3,150,5.203,334.864,26.052,3.395
3,151,4.633,298.944,285.213,3.744
3,152,3.552,18.03,108.694,3.915
3,153,3.754,251.104,316.171,3.485
3,154,3.446,278.962,8.962,3.297
3,155,3.585,253.98,316.083,3.19
3,156,3.25,282.804,23.473,3.138
3,157,3.547,244.217,80.998,3.629
3,158,4.6,167.137,42.999,3.28
3,159,5.216,133.12,164.264,3.218
3,160,4.418,322.363,89.011,3.748
3,161,5.168,223.3,-46.7,3.991
3,162,5.305,256.956,128.332,3.209
4,1,2.933,117.791,226.418,3.504
4,2,3.417,234.42,208.745,3.206
4,3,2.584,34.953,245.682,3.885
4,4,3.635,158.706,336.104,3.914
4,5,4.808,181.964,20.828,3.887
4,6,5.923,164.784,74.784,3.992
4,7,6.043,101.436,-168.564,3.537
4,8,6.136,260.041,93.45,3.587
4,9,7.187,168.578,168.578,4.433
4,10,5.857,360,177.721,3.863
4,11,7.015,181.902,181.902,4.881
4,12,5.551,0.002,153.194,3.811
4,13,6.591,202.321,-67.679,3.914
4,14,6.695,259.899,17.551,3.511
4,15,7.244,234.951,234.951,4.261
4,16,5.966,0.002,131.143,3.723
4,17,6.753,221.701,131.701,3.779
4,18,6.848,99.528,201.062,3.194
4,19,7.102,250.874,250.874,4.631
4,20,5.713,0,287.837,3.36
4,21,5.489,82.237,320.998,3.363
4,22,6.074,129.407,99.102,3.07
4,23,5.299,35.339,105.772,3.046
4,24,5.067,279.786,157.754,3.28
4,25,5.651,130.518,-139.482,3.659
4,26,5.756,259.008,223.099,3.754
4,27,4.889,43.673,28.168,3.954
4,28,3.76,20.339,314.683,3.803
4,29,3.45,83.195,201.575,3.898
4,30,4.136,227.215,316.016,3.113
4,31,4.221,258.421,322.952,3.771
4,32,3.872,280.178,305.257,3.851
4,33,2.868,325.098,267.368,3.549
4,34,2.469,79.113,0.951,3.763
4,35,2.496,104.436,36.548,3.74
4,36,2.32,94.513,135.383,3.723
4,37,1.647,292.761,22.761,3.485
4,38,1.951,237.59,317.153,3.464
4,39,2.037,250.349,217.252,3.772
4,40,1.253,62.688,146.286,3.685
4,41,1.576,232.2,294.465,3.469
4,42,1.428,257.565,330.013,3.456
4,43,1.491,246.004,280.817,3.825
4,44,0.855,275.101,95.101,4.947
4,45,2.339,180.006,153.8,3.786
4,46,1.412,47.018,200.605,3.486
4,47,2.395,195.217,164.561,3.635
4,48,1.56,51.545,-38.455,3.793
4,49,1.931,126.118,291.436,3.227
4,50,2.878,189.79,176.332,3.643
4,51,1.832,21.424,-68.576,3.929
4,52,2.179,122.753,73.031,3.69
4,53,1.69,79.721,-190.279,3.746
4,54,2.03,236.368,214.987,3.112
4,55,1.209,37.754,166.664,3.628
4,56,2.074,206.982,110.356,3.038
4,57,2.36,119.183,47.696,3.681
4,58,2.266,99.011,-170.989,3.576
4,59,2.507,244.675,87.552,3.24
4,60,3.424,163.461,249.219,3.105
4,61,3.481,258.772,1.699,3.3
4,62,3.826,242.468,54.709,3.889
4,63,4.984,185.95,205.711,3.082
4,64,4.126,335.892,24.803,3.772
4,65,3.488,296.94,26.94,3.431
4,66,3.637,253.56,78.85,3.133
4,67,4.574,175.8,62.342,3.357
4,68,5.059,123.982,71.593,3.457
4,69,4.502,62.91,50.731,3.351
4,70,3.526,15.626,351.216,3.106
4,71,2.705,32.599,-237.401,3.921
4,72,2.949,246.496,273.875,3.201
4,73,2.142,320.728,59.437,3.924
4,74,2.596,234.665,132.905,3.862
4,75,3.05,123.591,163.601,3.489
4,76,2.347,303.338,33.338,3.165
4,77,2.532,247.968,109.402,3.248
4,78,3.326,149.745,254.649,3.584
4,79,3.749,239.004,343.314,3.052
4,80,4.074,243.108,20.408,3.421
4,81,4.878,214.494,25.409,3.468
4,82,5.908,187.493,97.493,3.993
4,83,6.028,101.461,153.552,3.51
4,84,5.445,299.138,112.166,3.23
4,85,6.408,185.921,95.921,3.874
4,86,6.512,100.281,334.976,3.914
4,87,7.254,132.896,132.896,4.925
4,88,5.777,0.005,100.044,3.63
4,89,6.062,249.769,37.661,3.349
4,90,6.934,207.689,13.236,3.217
4,91,7.872,192.696,192.696,4.194
4,92,6.613,0.001,163.35,3.203
4,93,7.539,194.556,194.556,4.943
4,94,6.056,359.998,179.397,3.522
4,95,7.112,180.51,180.51,4.767
4,96,5.682,360,182.505,3.676
4,97,6.784,177.903,87.903,3.369
4,98,6.859,98.477,139.013,3.04
4,99,6.194,313.977,246.419,3.873
4,100,5.85,78.14,117.106,3.781
4,101,5.02,312.861,359.434,3.476
4,102,4.369,303.45,138.187,3.079
4,103,5.267,167.824,77.824,3.858
4,104,5.392,102.392,205.54,3.454
4,105,5.718,246.686,156.686,3.058
4,106,5.791,99.111,99.311,3.757
4,107,4.663,359.751,261.625,3.497
4,108,4.922,110.311,321.209,3.438
4,109,5.832,154.317,302.104,3.199
4,110,6.663,207.814,-62.186,3.984
4,111,6.77,259.832,340.468,3.792
4,112,6.68,269.692,334.943,3.143
4,113,6.343,286.995,189.294,3.365
4,114,6.556,106.476,11.252,3.212
4,115,6.712,103.441,13.441,3.384
4,116,6.789,98.596,298.644,3.529
4,117,7.792,162.622,162.622,4.24
4,118,6.52,359.995,98.828,3.952
4,119,6.803,251.252,-18.748,3.476
4,120,6.883,261.289,186.039,3.205
4,121,6.703,83.22,235.435,3.806
4,122,7.732,203.834,203.834,4.334
4,123,6.432,359.998,85.968,3.707
4,124,6.45,264.121,240.136,3.181
4,125,5.592,27.961,173.967,3.267
4,126,6.428,209.103,-60.897,3.332
4,127,6.506,261.161,151.272,3.965
4,128,7.001,119.084,119.084,4.96
4,129,5.513,0,342.242,3.396
4,130,4.554,21.67,29.116,3.552
4,131,3.499,350.291,39.014,3.17
4,132,2.96,297.295,207.295,3.337
4,133,3.124,108.685,118.608,3.661
4,134,2.051,344.778,254.778,3.218
4,135,2.267,115.207,147.199,3.178
4,136,1.543,308.908,217.09,3.18
4,137,1.84,123.026,265.89,3.646
4,138,2.79,203.449,313.309,3.641
4,139,3.324,232.141,131.727,3.424
4,140,3.653,116.475,241.941,3.362
4,141,4.317,223.566,323.704,3.722
4,142,4.645,246.178,66.891,3.631
4,143,5.735,179.418,-90.582,3.328
4,144,5.821,260.121,83.675,3.724
4,145,6.936,177.021,87.021,3.005
4,146,6.995,97.402,351.497,3.413
4,147,7.342,113.611,113.611,4.924
4,148,5.865,359.995,293.979,3.29
4,149,5.538,75.386,217.499,3.313
4,150,6.352,212.374,122.374,3.762
4,151,6.451,100.075,-169.925,3.729
4,152,6.548,260.166,346.531,3.517
4,153,6.566,264.402,6.288,3.99
4,154,6.912,248.361,214.824,3.401
4,155,6.088,38.851,277.058,3.976
4,156,6.793,130.376,-139.624,3.995
4,157,6.898,259.996,157.515,3.012
4,158,7.148,109.571,109.571,4.46
4,159,5.81,0.003,177.05,3.911
4,160,6.982,182.457,-87.543,3.602
4,161,7.065,261.205,261.205,4.916
5,1,4.191,231.83,92.829,3.235
5,2,4.965,146.363,-123.637,3.359
5,3,5.066,258.524,172.8,3.545
5,4,5.097,97.734,303.004,3.075
5,5,5.944,158.529,-111.471,3.726
5,6,6.049,259.353,301.56,3.195
5,7,5.378,310.914,206.876,3.151
5,8,5.682,113.33,-156.67,3.179
5,9,5.761,260.467,336.055,3.24
5,10,5.598,274.728,191.455,3.742
5,11,5.579,94.799,240.497,3.135
5,12,6.378,209.536,-60.464,3.003
5,13,6.441,261.962,172.701,3.059
5,14,6.495,97.387,61.818,3.622
5,15,5.647,41.995,46.005,3.893
5,16,4.482,354.948,354.369,3.538
5,17,3.42,0.752,77.657,3.615
5,18,3.346,264.7,59.928,3.298
5,19,4.264,199.196,57.388,3.082
5,20,5.023,148.344,18.524,3.519
5,21,5.757,137.919,160.962,3.351
5,22,4.848,332.299,43.635,3.326
5,23,4.625,276.876,156.168,3.031
5,24,5.149,129.439,-140.561,3.665
5,25,5.265,257.946,309.668,3.213
5,26,4.729,299.074,21.726,3.906
5,27,4.725,263.108,41.943,3.781
5,28,5.629,213.544,-56.456,3.444
5,29,5.723,259.6,169.6,3.472
5,30,5.816,100.319,61.932,3.958
5,31,4.941,46.973,324.72,3.609
5,32,4.913,94.862,4.681,3.011
5,33,4.998,100.589,100.373,3.822
5,34,3.851,0.281,286.413,3.424
5,35,3.7,89.334,286.418,3.939
5,36,4.842,167.023,65.507,3.195
5,37,5.119,112.082,73.013,3.808
5,38,4.294,48.726,279.747,3.046
5,39,4.92,137.278,47.278,3.991
5,40,5.064,103.677,125.949,3.75
5,41,4.045,331.684,246.424,3.267
5,42,4.083,99.101,229.449,3.802
5,43,4.899,219.434,6.897,3.946
5,44,5.931,206.37,172.814,3.155
5,45,5.169,39.365,200.492,3.793
5,46,6.257,195.501,105.501,3.312
5,47,6.335,99.022,8.567,3.767
5,48,6.444,100.551,340.926,3.038
5,49,6.94,126.18,-143.82,3.881
5,50,7.036,260.476,260.476,4.272
5,51,5.754,359.999,294.025,3.844
5,52,5.388,77.247,67.175,3.863
5,53,4.251,12.797,227.5,3.441
5,54,5.134,151.876,61.876,3.952
5,55,5.269,103.007,73.087,3.496
5,56,4.391,36.766,307.195,3.651
5,57,4.518,103.605,239.019,3.842
5,58,5.4,215.97,69.552,3.751
5,59,6.368,152.028,-117.972,3.565
5,60,6.458,260.461,276.862,3.907
5,61,5.344,340.043,284.814,3.102
5,62,4.874,64.258,286.349,3.559
5,63,5.711,145.108,17.721,3.585
5,64,6.421,135.032,45.032,3.89
5,65,6.526,100.302,239.351,3.074
5,66,7.248,216.163,216.163,4.046
5,67,6.034,359.997,114.11,3.044
5,68,6.462,238.479,148.479,3.336
5,69,6.539,98.801,359.232,3.52
5,70,6.794,108.385,216.444,3.132
5,71,7.142,244.758,244.758,4.62
5,72,5.755,0.001,339.397,3.03
5,73,4.915,24.338,177.09,3.336
5,74,5.823,202.734,-67.266,3.182
5,75,5.9,260.693,180.58,3.957
5,76,5.815,91.714,4.605,3.768
5,77,5.868,98.204,121.469,3.278
5,78,4.979,332.262,83.851,3.348
5,79,5.43,238.512,302.549,3.596
5,80,5.052,284.896,170.371,3.947
5,81,5.647,125.524,262.874,3.31
5,82,6.413,216.624,69.97,3.261
5,83,7.249,150.907,150.907,4.82
5,84,5.803,359.999,270.004,3.951
5,85,5.923,101.542,14.936,3.205
5,86,5.945,95.895,220.923,3.978
5,87,6.701,226.586,-43.414,3.021
5,88,6.762,262.3,-7.7,3.23
5,89,6.831,261.844,242.225,3.55
5,90,5.839,23.132,208.569,3.23
5,91,6.805,175.333,85.333,3.06
5,92,6.867,97.684,17.714,3.284
5,93,6.765,88.216,80.851,3.399
5,94,5.755,8.666,308.958,3.437
5,95,5.31,69.36,88.085,3.634
5,96,4.291,336.596,109.496,3.399
5,97,5.041,218.578,296.541,3.894
5,98,4.932,268.64,154.393,3.961
5,99,5.527,125.558,35.558,3.659
5,100,5.635,101.232,132.121,3.746
5,101,4.706,322.074,349.83,3.958
5,102,3.696,323.645,46.77,3.038
5,103,3.7,262.708,298.48,3.454
5,104,2.922,312.259,150.3,3.42
5,105,3.911,166.624,33.702,3.617
5,106,4.717,142.62,7.551,3.492
5,107,5.508,142.785,-127.215,3.727
5,108,5.621,258.524,259.796,3.55
5,109,4.557,358.433,9.429,3.163
5,110,3.63,346.149,56.293,3.238
5,111,3.425,274.383,84.988,3.215
5,112,4.379,187.329,72.697,3.491
5,113,4.908,125.811,35.811,3.842
5,114,5.042,103.217,13.217,3.534
5,115,5.152,101.881,172.379,3.547
5,116,4.9,277.692,227.64,3.846
5,117,4.252,62.05,352.844,3.974
5,118,3.988,85.433,45.893,3.683
5,119,3.214,52.186,339.718,3.968
5,120,3.073,94.149,12.614,3.445
5,121,3.094,100.825,133.911,3.928
5,122,2.203,309.934,219.934,3.319
5,123,2.418,114.312,125.894,3.636
5,124,1.366,339.207,249.207,3.322
5,125,1.691,126.107,245.984,3.716
5,126,2.446,216.834,257.175,3.046
5,127,1.847,300.958,30.958,3.724
5,128,2.159,238.82,205.197,3.676
5,129,1.383,59.828,-210.172,3.737
5,130,1.781,230.96,27.113,3.332
5,131,2.726,195.314,260.517,3.392
5,132,2.478,272.887,251.263,3.137
5,133,1.64,33.816,-236.184,3.163
5,134,1.894,239.928,226.088,3.847
5,135,0.821,33.454,213.454,4.756
5,136,2.248,179.997,168.312,3.741
5,137,1.172,22.869,-247.131,3.416
5,138,1.556,228.805,287.919,3.683
5,139,1.37,257.111,188.468,3.964
5,140,1.451,118.402,324.729,3.198
5,141,2.35,164.111,127.736,3.234
5,142,1.671,56.518,64.51,3.06
5,143,0.773,342.492,162.492,4.358
5,144,2.08,180.013,231.902,3.556
5,145,1.65,277.546,77.851,3.869
5,146,2.771,191.578,167.299,3.794
5,147,1.796,39.388,-50.612,3.322
5,148,2.054,119.012,323.922,3.758
5,149,3.113,163.869,300.365,3.987
5,150,4.065,211.811,262.499,3.72
5,151,3.466,294.885,155.411,3.95
5,152,4.434,149.478,16.525,3.869
5,153,5.294,142.184,-127.816,3.559
5,154,5.401,258.594,149.156,3.146
5,155,5.784,118.292,145.352,3.804
5,156,4.796,326.724,279.209,3.927
5,157,4.093,59.767,190.267,3.167
5,158,4.765,220.779,130.779,3.567
5,159,4.884,102.659,302.701,3.119
5,160,5.772,163.144,-106.856,3.251
5,161,5.853,260.409,223.511,3.094
6,1,4.293,234.051,142.638,3.976
6,2,4.484,106.836,91.74,3.62
6,3,3.446,19.808,106.841,3.633
6,4,3.561,255.17,115.643,3.69
6,5,4.461,148.794,135.949,3.348
6,6,3.489,16.509,236.063,3.986
6,7,4.476,150.239,320.754,3.379
6,8,5.479,187.733,97.733,3.965
6,9,5.606,102.248,12.248,3.166
6,10,5.686,99.615,261.283,3.561
6,11,6.709,195.463,105.463,3.661
6,12,6.798,99.304,9.304,3.291
6,13,6.87,98.268,335.456,3.146
6,14,7.423,128.948,128.948,4.956
6,15,5.936,359.999,240.328,3.288
6,16,6.481,127.27,37.27,3.295
6,17,6.556,98.676,-171.324,3.83
6,18,6.656,260.057,170.057,3.589
6,19,6.743,99.186,255.266,3.817
6,20,7.803,200.511,200.511,4.177
6,21,6.55,0.002,137.142,3.132
6,22,7.267,217.811,217.811,4.545
6,23,5.904,0.003,289.435,3.901
6,24,5.624,81.884,161.672,3.084
6,25,5.536,270.746,358.606,3.529
6,26,5.597,261.238,-8.762,3.298
6,27,5.684,259.972,231.245,3.536
6,28,4.781,34.848,261.144,3.061
6,29,5.455,140.697,50.697,3.393
6,30,5.549,100.572,198.157,3.453
6,31,5.778,252.184,162.184,3.658
6,32,5.881,100.751,329.852,3.429
6,33,6.6,137.666,65.174,3.652
6,34,6.357,81.951,253.416,3.646
6,35,7.44,187.282,187.282,4.849
6,36,5.986,0.001,183.622,3.14
6,37,6.926,176.874,-93.126,3.54
6,38,7.007,261.286,261.286,4.338
6,39,5.706,359.996,225.182,3.246
6,40,6.429,140.986,50.986,3.829
6,41,6.531,100.128,347.621,3.771
6,42,7.042,121.042,121.042,4.358
6,43,5.735,0.002,201.773,3.573
6,44,6.742,161.614,204.244,3.213
6,45,6.068,311.197,254.329,3.318
6,46,5.586,65.449,3.571,3.448
6,47,5.18,72.023,309.443,3.648
6,48,5.842,131.663,148.794,3.93
6,49,4.728,338.657,251.483,3.342
6,50,4.784,99.251,201.236,3.427
6,51,5.098,246.635,35.441,3.18
6,52,5.935,206.417,-63.583,3.062
6,53,6.005,261.199,171.199,3.922
6,54,6.119,101.088,62.004,3.227
6,55,5.402,45.576,292.667,3.104
6,56,5.828,121.377,41.239,3.839
6,57,5.744,91.528,144.932,3.658
6,58,5.166,296.781,4.551,3.536
6,59,4.864,280.586,100.308,3.659
6,60,5.962,180.225,90.225,4
6,61,6.082,101.385,11.385,3.484
6,62,6.171,99.751,139.698,3.466
6,63,5.415,312.969,296.991,3.977
6,64,4.281,20.372,239.894,3.934
6,65,5.245,148.713,58.713,3.323
6,66,5.339,100.762,313.782,3.756
6,67,6.314,152.556,62.556,3.175
6,68,6.386,98.578,143.231,3.852
6,69,5.623,307.038,52.65,3.232
6,70,5.958,245.369,-24.631,3.942
6,71,6.074,258.77,187.192,3.234
6,72,5.84,80.649,35.664,3.276
6,73,5.192,52.676,355.42,3.36
6,74,4.724,67.599,240.276,3.73
6,75,5.835,185.919,84.197,3.913
6,76,6.182,112.439,-157.561,3.066
6,77,6.25,261.535,230.758,3.26
6,78,5.433,36.058,69.229,3.385
6,79,4.616,319.917,28.091,3.476
6,80,4.338,278.925,5.65,3.921
6,81,4.43,257.898,219.892,3.504
6,82,3.66,48.195,146.366,3.336
6,83,3.929,247.224,122.967,3.1
6,84,4.518,134.049,253.529,3.549
6,85,5.127,230.1,5.612,3.048
6,86,5.815,218.164,128.164,3.101
6,87,5.888,99.088,-170.912,3.619
6,88,5.987,259.552,42.918,3.465
6,89,6.85,211.437,121.437,3.591
6,90,6.934,98.938,8.938,3.837
6,91,7.029,99.427,99.427,4.487
6,92,5.683,359.996,333.674,3.162
6,93,4.851,31.298,120.596,3.134
6,94,4.93,259.714,151.383,3.489
6,95,5.352,119.028,29.028,3.939
6,96,5.481,102.453,250.415,3.596
6,97,6.421,206.93,116.93,3.212
6,98,6.493,98.534,8.534,3.31
6,99,6.568,98.697,10.922,3.02
6,100,6.595,95.66,15.869,3.828
6,101,6.491,89.817,35.213,3.194
6,102,5.987,62.1,46.433,3.985
6,103,4.847,19.478,172.398,3.406
6,104,5.776,202.462,-67.538,3.851
6,105,5.89,258.688,-11.312,3.817
6,106,6.001,259.003,-10.997,3.959
6,107,6.117,258.801,76.882,3.951
6,108,7.302,181.61,181.61,4.689
6,109,5.895,359.998,178.732,3.223
6,110,6.862,181.091,91.091,3.436
6,111,6.939,98.54,85.845,3.715
6,112,5.857,15.094,0.413,3.98
6,113,4.712,18.358,243.29,3.907
6,114,5.603,143.562,230.665,3.577
6,115,5.652,261.971,332.355,3.356
6,116,5.397,279.493,243.363,3.961
6,117,4.493,45.1,260.116,3.69
6,118,5.437,151.69,-118.31,3.157
6,119,5.518,260.123,131.917,3.963
6,120,6.323,136.706,46.251,3.396
6,121,6.412,99.593,-170.407,3.888
6,122,6.518,259.691,274.3,3.328
6,123,5.558,342.793,81.941,3.008
6,124,5.77,251.969,161.969,3.957
6,125,5.892,101.629,350.031,3.434
6,126,6.344,120.277,224.483,3.777
6,127,6.712,246.375,-23.625,3.485
6,128,6.794,261.146,150.136,3.073
6,129,7.176,117.903,117.903,4.034
6,130,5.966,359.996,276.204,3.287
6,131,5.94,93.29,44.86,3.776
6,132,5.257,57.702,18.306,3.071
6,133,4.583,46.731,291.203,3.917
6,134,5.199,127.296,108.878,3.616
6,135,4.184,23.121,30.377,3.282
6,136,3.21,350.527,119.971,3.329
6,137,3.921,219.208,29.647,3.278
6,138,4.893,187.642,272.52,3.79
6,139,4.923,261.823,20.74,3.626
6,140,5.532,231.176,141.176,3.205
6,141,5.615,99.862,220.579,3.151
6,142,6.152,231.687,135.033,3.227
6,143,6.337,105.377,217.524,3.291
6,144,6.772,240.089,-29.911,3.128
6,145,6.837,262.112,183.689,3.294
6,146,6.709,86.724,293.894,3.662
6,147,7.702,156.561,156.561,4.088
6,148,6.476,359.996,286.323,3.43
6,149,6.266,82.74,129.222,3.945
6,150,5.518,304.563,150.324,3.748
6,151,6.549,158.516,68.516,3.029
6,152,6.611,97.9,-172.1,3.473
6,153,6.693,261.046,210.561,3.283
6,154,6.114,57.625,346.197,3.866
6,155,5.848,82.261,310.803,3.374
6,156,6.562,138.097,48.097,3.673
6,157,6.654,99.537,9.537,3.015
6,158,6.715,97.744,182.103,3.187
6,159,6.689,267.462,21.987,3.987
6,160,7.267,236.863,236.863,4.782
6,161,5.833,360,113.71,3.856
7,1,2.418,139.831,204.175,3.887
7,2,2.183,266.875,-3.125,3.012
7,3,2.362,247.513,53.248,3.03
7,4,3.251,190.32,251.941,3.218
7,5,2.918,281.459,16.374,3.257
7,6,3.156,247.127,252.543,3.461
7,7,2.125,351.944,81.944,3.997
7,8,2.44,240.554,217.963,3.572
7,9,1.508,38.428,-231.572,3.642
7,10,1.862,234.063,165.2,3.612
7,11,1.785,103.348,122.935,3.734
7,12,0.821,313.182,133.182,4.61
7,13,2.204,179.985,198.675,3.586
7,14,1.234,325.105,235.105,3.837
7,15,1.687,133.004,2.038,3.122
7,16,2.408,148.045,186.022,3.754
7,17,1.67,297.511,27.511,3.701
7,18,2.006,236.389,133.393,3.596
7,19,2.482,128.047,225.184,3.122
7,20,2.76,243.196,302.668,3.761
7,21,2.393,276.577,6.577,3.625
7,22,2.629,245.558,346.4,3.069
7,23,2.945,241.286,24.659,3.758
7,24,3.907,206.722,276.663,3.907
7,25,3.675,272.626,167.673,3.711
7,26,4.105,120.147,63.38,3.979
7,27,3.592,72.897,140.099,3.261
7,28,3.337,277.11,185.11,3.122
7,29,3.497,107.518,165.509,3.867
7,30,3.045,283.174,193.174,3.711
7,31,3.242,110.085,245.631,3.214
7,32,3.988,214.706,106.64,3.502
7,33,4.428,121.096,221.273,3.936
7,34,4.78,245.746,334.204,3.78
7,35,4.882,258.115,-11.885,3.411
7,36,4.988,258.168,225.129,3.168
7,37,4.223,40.084,154.608,3.766
7,38,4.804,233.121,216.209,3.261
7,39,3.878,21.128,54.721,3.892
7,40,2.976,313.863,18.838,3.92
7,41,2.697,271.76,71.38,3.052
7,42,3.57,195.254,157.532,3.672
7,43,2.781,51.749,-38.251,3.351
7,44,2.958,109.866,213.908,3.991
7,45,3.449,236.286,337.718,3.123
7,46,3.749,244.385,51.199,3.661
7,47,4.825,190.207,353.596,3.581
7,48,5.862,193.612,218.087,3.658
7,49,4.884,330.18,212.006,3.227
7,50,5.409,127.252,-142.748,3.528
7,51,5.512,258.925,26.97,3.377
7,52,6.187,224.548,134.548,3.447
7,53,6.274,99.488,294.79,3.858
7,54,7.397,167.063,167.063,4.367
7,55,6.087,0.002,123.055,3.377
7,56,6.693,229.66,139.66,3.761
7,57,6.788,99.568,27.399,3.08
7,58,6.564,79.867,76.86,3.59
7,59,5.49,3.6,325.638,3.56
7,60,4.693,46.008,355.9,3.608
7,61,4.084,61.844,60.897,3.628
7,62,2.995,1.285,-88.715,3.616
7,63,3.186,109.899,276.782,3.927
7,64,4.341,189.587,236.514,3.096
7,65,3.768,302.708,188.841,3.298
7,66,4.266,126.108,245.678,3.427
7,67,4.856,229.818,275.099,3.752
7,68,4.142,303.581,97.962,3.126
7,69,5.005,200.966,164.523,3.941
7,70,4.114,46.279,243.725,3.494
7,71,5.124,166.065,-103.935,3.807
7,72,5.25,257.43,320.096,3.964
7,73,4.821,284.681,164.318,3.587
7,74,5.445,130.181,-139.819,3.71
7,75,5.557,258.441,306.065,3.769
7,76,4.868,302.498,18.445,3.63
7,77,4.723,271.129,298.763,3.767
7,78,3.758,324.349,186.629,3.028
7,79,4.473,145.571,314.451,3.762
7,80,5.584,188.884,18.631,3.707
7,81,6.683,171.87,81.87,3.381
7,82,6.76,98.628,150.241,3.083
7,83,6.228,301.705,255.462,3.597
7,84,5.537,54.337,189.795,3.974
7,85,6.441,217.085,-52.915,3.659
7,86,6.534,260.326,162.119,3.43
7,87,6.759,106.872,321.079,3.152
7,88,7.56,149.824,149.824,4.825
7,89,6.112,0.002,14.286,3.657
7,90,5.056,342.642,48.279,3.448
7,91,4.724,282.856,324.792,3.467
7,92,4.011,308.084,60.173,3.038
7,93,4.435,236.938,118.495,3.256
7,94,4.975,128.378,38.378,3.443
7,95,5.081,101.736,244.547,3.903
7,96,6.055,210.476,30.185,3.281
7,97,7.04,180.247,180.247,4.065
7,98,5.82,359.999,359.724,3.376
7,99,4.807,0.332,200.961,3.61
7,100,5.832,163.121,350.679,3.331
7,101,6.825,173.545,83.545,3.78
7,102,6.919,99.439,203.541,3.667
7,103,7.265,247.452,247.452,4.494
7,104,5.917,0.004,352.013,3.907
7,105,4.76,9.954,312.388,3.94
7,106,4.245,71.158,93.484,3.63
7,107,3.264,330.395,71.327,3.999
7,108,3.685,240.427,125.512,3.753
7,109,4.282,128.71,189.047,3.442
7,110,3.876,286.279,249.298,3.456
7,111,3.111,48.539,161.051,3.825
7,112,3.705,230.857,18.479,3.01
7,113,4.494,206.201,332.945,3.65
7,114,5.223,223.587,4.609,3.723
7,115,6.132,212.395,122.395,3.474
7,116,6.22,99.647,39.681,3.828
7,117,5.732,69.953,147.625,3.616
7,118,5.602,271.421,228.614,3.548
7,119,4.874,51.339,123.745,3.432
7,120,4.667,275.455,2.232,3.106
7,121,4.708,261.819,167.023,3.545
7,122,4.912,107.255,-162.745,3.305
7,123,5.011,258.587,180.868,3.785
7,124,4.896,90.81,151.844,3.216
7,125,4.509,288.177,307.555,3.45
7,126,3.549,335.062,299.729,3.649
7,127,2.73,48.75,-41.25,3.681
7,128,2.945,112.025,140.765,3.487
7,129,2.089,317.335,102.402,3.748
7,130,3.079,202.872,339.29,3.156
7,131,3.821,213.742,160.013,3.381
7,132,3.323,67.974,-202.026,3.009
7,133,3.443,254.805,169.982,3.691
7,134,3.52,103.078,274.662,3.598
7,135,4.59,186.444,203.456,3.56
7,136,3.582,337.987,356.285,3.175
7,137,2.695,335.321,107.337,3.097
7,138,3.388,216.226,289.272,3.362
7,139,3.241,269.638,106.492,3.922
7,140,4.38,167.607,242.771,3.276
7,141,4.236,271.883,107.141,3.675
7,142,5.308,167.872,305.861,3.08
7,143,6.026,216.124,126.124,3.148
7,144,6.1,98.903,97.874,3.813
7,145,4.956,1.261,306.444,3.77
7,146,4.403,66.94,223.732,3.703
7,147,5.441,198.59,2.034,3.17
7,148,6.358,194.115,-75.885,3.543
7,149,6.446,260.507,37.229,3.523
7,150,7.252,217.543,217.543,4.209
7,151,5.989,0.003,26.094,3.04
7,152,5.186,329.473,147.32,3.689
7,153,6.293,181.772,-88.228,3.979
7,154,6.404,259.257,133.918,3.308
7,155,7.025,131.96,131.96,4.634
7,156,5.635,359.998,244.072,3.594
7,157,6.183,124.953,170.742,3.279
7,158,5.542,306.904,179.734,3.902
7,159,6.319,135.658,-134.342,3.374
7,160,6.4,260.903,287.726,3.563
7,161,5.467,328.112,126.197,3.739
8,1,3.999,123.672,175.926,3.101
8,2,3.507,295.643,323.689,3.229
8,3,2.691,322.208,21.939,3.304
8,4,2.353,278.926,188.926,3.438
8,5,2.569,113.667,232.548,3.747
8,6,3.264,223.572,237.402,3.127
8,7,2.364,340.736,70.736,3.384
8,8,2.573,246.764,290.391,3.998
8,9,1.895,290.491,20.491,3.171
8,10,2.121,243.354,345.213,3.92
8,11,2.628,232.161,195.876,3.151
8,12,1.948,52.969,75.52,3.796
8,13,0.997,311.45,131.45,4.573
8,14,2.369,179.999,345.722,3.8
8,15,3.485,189.651,82.504,3.219
8,16,3.881,120.896,235.567,3.67
8,17,4.455,232.356,224.194,3.521
8,18,3.413,10.677,220.346,3.188
8,19,4.27,156.694,190.75,3.985
8,20,3.347,314.408,272.157,3.472
8,21,2.67,57.461,223.892,3.443
8,22,3.681,189.8,128.654,3.222
8,23,3.325,75.9,-194.1,3.216
8,24,3.462,253.82,115.828,3.474
8,25,4.294,147.337,331.704,3.836
8,26,5.442,176.557,-93.443,3.635
8,27,5.55,258.674,168.674,3.53
8,28,5.65,100.808,36.778,3.643
8,29,5.265,74.783,24.807,3.194
8,30,4.706,58.951,23.21,3.89
8,31,3.819,46.024,27.548,3.579
8,32,2.822,25.398,-64.602,3.526
8,33,3.013,110.54,268.365,3.59
8,34,4.031,196.384,49.433,3.174
8,35,4.857,153.087,63.087,3.941
8,36,4.999,103.685,336.908,3.023
8,37,5.589,134.25,144.182,3.585
8,38,4.534,347.723,79.044,3.071
8,39,4.647,257.243,-12.757,3.367
8,40,4.756,257.733,82.646,3.419
8,41,5.778,175.958,85.958,3.649
8,42,5.881,100.728,145.416,3.109
8,43,5.258,308.145,155.034,3.105
8,44,6.104,157.065,-112.935,3.407
8,45,6.189,260.491,-9.509,3.192
8,46,6.262,261.201,226.199,3.807
8,47,5.367,42.014,125.768,3.305
8,48,5.35,265.633,226.699,3.961
8,49,4.489,48.508,199.646,3.676
8,50,5.481,203.285,-66.715,3.007
8,51,5.554,260.656,218.59,3.584
8,52,4.81,50.676,175.137,3.686
8,53,5.512,226.013,287.342,3.63
8,54,5.081,287.83,222.183,3.309
8,55,4.758,76.601,44.54,3.179
8,56,3.982,39.371,196.657,3.224
8,57,4.889,198.335,197.844,3.939
8,58,3.707,0.654,174.206,3.287
8,59,4.688,185.09,10.865,3.355
8,60,5.69,175.247,-94.753,3.756
8,61,5.8,258.795,335.998,3.115
8,62,5.667,273.541,87.296,3.335
8,63,6.662,185.306,-84.694,3.758
8,64,6.757,260.397,18.781,3.709
8,65,7.351,233.961,233.961,4.72
8,66,5.936,359.998,196.446,3.133
8,67,6.843,165.778,-104.222,3.086
8,68,6.905,262.296,196.318,3.995
8,69,6.51,75.661,201.586,3.669
8,70,7.211,226.976,226.976,4.632
8,71,5.822,0.003,261.8,3.261
8,72,6.04,107.424,192.095,3.427
8,73,6.032,265.554,266.638,3.435
8,74,5.002,358.69,309.849,3.853
8,75,4.33,60.434,59.875,3.834
8,76,3.18,0.763,-269.237,3.565
8,77,3.355,251.409,71.946,3.151
8,78,4.3,179.584,11.001,3.724
8,79,5.399,170.933,141.16,3.867
8,80,4.43,37.252,4.349,3.033
8,81,3.699,40.578,91.089,3.618
8,82,3.123,293.923,125.553,3.19
8,83,4.064,171.094,27.597,3.07
8,84,4.836,150.006,-119.994,3.866
8,85,4.972,256.517,217.372,3.044
8,86,4.303,46.839,207.642,3.291
8,87,5.246,195.646,73.501,3.679
8,88,5.907,131.246,19.047,3.406
8,89,6.364,120.749,30.749,3.53
8,90,6.451,99.446,348.188,3.845
8,91,6.953,120.149,-149.851,3.416
8,92,7.028,261.618,261.618,4.276
8,93,5.745,360,288.568,3.513
8,94,5.501,81.893,9.437,3.861
8,95,5.269,84.549,235.012,3.838
8,96,6.296,204.364,114.364,3.429
8,97,6.379,99.282,210.994,3.517
8,98,6.84,240.053,-29.947,3.867
8,99,6.938,260.37,170.37,3.633
8,100,7.023,98.923,98.923,4.206
8,101,5.761,359.997,150.528,3.622
8,102,6.728,204.912,-65.088,3.475
8,103,6.808,261.188,278.248,3.318
8,104,5.864,340.082,100.353,3.048
8,105,6.374,232.613,142.613,3.185
8,106,6.445,98.527,187.711,3.196
8,107,6.502,262.335,18.115,3.168
8,108,6.968,237.166,-32.834,3.784
8,109,7.059,260.747,260.747,4.158
8,110,5.812,0.002,279.116,3.889
8,111,5.744,92.453,189.633,3.277
8,112,5.947,253.379,10.344,3.36
8,113,6.467,235.047,-34.953,3.458
8,114,6.55,260.888,41.593,3.11
8,115,7.296,214.651,214.651,4.294
8,116,6.007,359.998,150.983,3.283
8,117,6.885,205.038,25.851,3.237
8,118,7.856,179.287,179.287,4.573
8,119,6.484,0.002,314.875,3.658
8,120,5.762,52.888,17.018,3.964
8,121,4.849,44.137,226.932,3.496
8,122,5.897,177.705,87.705,3.251
8,123,5.977,99.389,283.906,3.093
8,124,6.902,176.086,-93.914,3.457
8,125,6.98,261.454,11.337,3.776
8,126,7.442,241.884,241.884,4.539
8,127,6.08,360,331.503,3.233
8,128,5.248,33.55,213.799,3.339
8,129,6.249,179.791,89.791,3.271
8,130,6.326,98.926,305.811,3.802
8,131,7.362,157.134,157.134,4.281
8,132,6.078,0.003,107.097,3.675
8,133,6.488,243.555,155.465,3.784
8,134,6.55,98.065,300.154,3.713
8,135,7.594,161.074,161.074,4.493
8,136,6.246,359.998,263.229,3.745
8,137,6.476,106.693,16.693,3.913
8,138,6.581,100.273,271.154,3.425
8,139,7.597,187.895,187.895,4.521
8,140,6.241,0.001,274.672,3.556
8,141,6.245,95.133,140.804,3.436
8,142,5.574,306.724,3.841,3.22
8,143,5.114,293.757,177.318,3.487
8,144,5.658,125.973,261.407,3.817
8,145,6.523,217.493,127.493,3.453
8,146,6.605,99.027,86.655,3.929
8,147,5.46,15.02,339.504,3.623
8,148,4.619,43.376,291.566,3.686
8,149,5.133,123.347,55.083,3.851
8,150,4.826,81.111,9.39,3.702
8,151,4.6,84.971,200.132,3.697
8,152,5.17,233.643,193.207,3.174
8,153,4.488,48.347,307.696,3.474
8,154,4.791,112.995,25.906,3.523
8,155,4.854,99.644,177.988,3.595
8,156,4.754,268.815,153.531,3.979
8,157,5.374,126.873,348.405,3.016
8,158,6.081,144.134,189.973,3.492
8,159,5.404,306.164,328.595,3.627
8,160,4.418,332.178,347.853,3.841
8,161,3.323,338.945,214.633,3.933
9,1,3.203,272.618,174.947,3.999
9,2,3.567,117.143,186.117,3.526
9,3,3.337,273.821,298.163,3.717
9,4,2.367,324.465,54.465,3.553
9,5,2.596,245.767,311.967,3.935
9,6,2.379,266.805,176.805,3.6
9,7,2.612,114.417,325.089,3.799
9,8,3.639,158.514,220.686,3.646
9,9,3.275,280.651,10.651,3.2
9,10,3.413,253.665,5.208,3.951
9,11,4.004,232.473,7.581,3.146
9,12,4.72,216.776,23.63,3.22
9,13,5.664,190.922,-79.078,3.387
9,14,5.754,259.835,28.503,3.433
9,15,6.448,224.164,183.902,3.011
9,16,5.788,46.047,290.628,3.746
9,17,6.352,124.618,289.24,3.656
9,18,7.415,193.127,193.127,4.949
9,19,5.93,0,351.9,3.504
9,20,4.892,9.839,356.341,3.119
9,21,3.988,16.639,172.184,3.56
9,22,4.98,199.356,258.18,3.025
9,23,4.577,291.412,212.778,3.838
9,24,4.494,93.183,330.505,3.634
9,25,5.165,132.915,42.915,3.94
9,26,5.298,102.895,182.517,3.227
9,27,5.211,269.842,167.647,3.312
9,28,5.507,112.35,22.35,3.347
9,29,5.598,100.333,97.644,3.85
9,30,4.444,3.389,163.769,3.15
9,31,5.344,196.211,106.211,3.582
9,32,5.451,101.374,134.619,3.204
9,33,4.677,320.289,44.673,3.804
9,34,4.705,261.645,57.944,3.186
9,35,5.593,199.764,104.628,3.478
9,36,5.782,105.49,15.49,3.723
9,37,5.888,100.934,306.244,3.365
9,38,6.815,158.321,-111.679,3.852
9,39,6.912,260.374,335.935,3.941
9,40,6.716,274.629,64.41,3.227
9,41,7.568,206.526,206.526,4.901
9,42,6.098,0,219.985,3.695
9,43,6.983,145.868,55.868,3.641
9,44,7.069,98.891,98.891,4.889
9,45,5.602,0.006,69.211,3.581
9,46,5.316,279.906,23.166,3.076
9,47,5.6,247.514,195.925,3.643
9,48,4.995,61.458,87.009,3.545
9,49,4.061,327.965,325.894,3.449
9,50,3.027,2.776,-267.224,3.971
9,51,3.253,248.516,269.964,3.747
9,52,2.245,327.99,237.99,3.929
9,53,2.535,117.698,197.454,3.312
9,54,2.552,257.719,112.896,3.652
9,55,3.505,155.196,122.078,3.239
9,56,2.743,44.289,-45.711,3.243
9,57,2.91,109.529,202.071,3.771
9,58,3.169,246.557,191.442,3.889
9,59,2.678,76.057,-193.943,3.63
9,60,2.891,247.874,159.133,3.102
9,61,3.018,106.698,39.033,3.599
9,62,2.793,88.619,-181.381,3.421
9,63,2.975,249.832,46.328,3.605
9,64,3.991,197.3,155.315,3.773
9,65,3.239,55.503,307.931,3.252
9,66,3.654,122.323,328.741,3.615
9,67,4.651,159.538,138.915,3.937
9,68,3.57,27.313,232.561,3.545
9,69,4.554,160.47,280.017,3.509
9,70,5.155,230.228,45.269,3.869
9,71,6.312,184.051,94.051,3.505
9,72,6.399,99.462,292.38,3.382
9,73,7.391,168.842,168.842,4.755
9,74,5.964,359.996,338.513,3.48
9,75,5.008,25.861,175.54,3.279
9,76,5.878,205.477,146.06,3.172
9,77,5.455,68.05,54.275,3.673
9,78,4.393,17.195,340.337,3.627
9,79,3.582,47.358,358.085,3.029
9,80,3.068,62.255,143.511,3.198
9,81,3.072,260.774,286.699,3.758
9,82,2.116,320.6,230.6,3.959
9,83,2.427,119.305,308.255,3.064
9,84,3.338,173.515,116.142,3.027
9,85,2.949,72.403,237.533,3.203
9,86,3.886,191.228,1.377,3.898
9,87,5.041,187.579,97.579,3.188
9,88,5.132,100.743,301.737,3.377
9,89,6.088,162.419,71.957,3.78
9,90,6.202,100.996,204.785,3.125
9,91,6.49,248.149,-21.851,3.152
9,92,6.559,261.709,310.336,3.877
9,93,5.855,302.799,53.887,3.727
9,94,6.343,239.444,-30.556,3.924
9,95,6.451,259.484,42.529,3.806
9,96,7.396,211.628,211.628,4.667
9,97,5.996,359.998,19.468,3.116
9,98,5.124,337.048,136.627,3.315
9,99,6.066,197.143,137.187,3.758
9,100,5.588,70.013,18.829,3.404
9,101,5.012,60.317,206.63,3.366
9,102,5.879,208.218,118.218,3.448
9,103,5.969,99.976,230.383,3.853
9,104,6.776,222.131,-47.869,3.958
9,105,6.879,260.062,-9.938,3.029
9,106,6.939,262.475,18.344,3.805
9,107,7.508,236.267,236.267,4.878
9,108,6.044,359.999,208.872,3.647
9,109,7.022,155.441,155.441,4.068
9,110,5.802,0.001,262.497,3.623
9,111,6.041,107.777,218.426,3.379
9,112,6.468,240.921,-29.079,3.92
9,113,6.573,259.692,198.965,3.919
9,114,6.085,70.426,250.632,3.884
9,115,7.251,179.83,179.83,4.952
9,116,5.766,0.003,30.107,3.034
9,117,4.999,324.661,92.452,3.829
9,118,5.775,223.168,133.168,3.765
9,119,5.885,101.065,307.17,3.949
9,120,6.968,158.184,-111.816,3.257
9,121,7.036,262.017,262.017,4.372
9,122,5.725,359.999,6.914,3.913
9,123,4.561,351.307,144.078,3.143
9,124,5.417,202.661,53.933,3.442
9,125,6.323,153.593,63.593,3.482
9,126,6.408,99.377,100.623,3.279
9,127,5.425,358.531,172.22,3.638
9,128,6.511,185.258,106.249,3.075
9,129,6.4,87.147,53.862,3.222
9,130,5.617,38.704,244.66,3.344
9,131,6.534,157.901,306.476,3.388
9,132,7.42,207.332,207.332,4.892
9,133,5.953,360,273.433,3.042
9,134,5.968,95.345,46.791,3.005
9,135,5.413,55.725,24.088,3.872
9,136,4.466,39.476,49.83,3.967
9,137,3.303,345.938,140.546,3.542
9,138,4.287,199.294,233.168,3.108
9,139,3.551,317.716,258.368,3.76
9,140,3.131,77.414,191.056,3.866
9,141,3.749,229.887,123.237,3.286
9,142,4.141,119.835,304.735,3.502
9,143,5.188,176.089,-93.911,3.664
9,144,5.303,258.035,50.823,3.414
9,145,6.232,202.903,43.658,3.572
9,146,7.244,162.251,162.251,4.955
9,147,5.757,0,229.421,3.999
9,148,6.6,138.515,-131.485,3.876
9,149,6.703,260.009,176.842,3.992
9,150,6.668,93.441,337.673,3.617
9,151,7.206,123.558,123.558,4.327
9,152,5.907,359.999,331.615,3.319
9,153,5.054,33.757,3.572,3.374
9,154,4.209,37.129,157.525,3.43
9,155,4.812,228.98,310.171,3.431
9,156,4.764,266.477,68.012,3.771
9,157,5.848,194.955,104.955,3.862
9,158,5.962,101.21,351.516,3.141
9,159,6.342,117.739,316.455,3.113
9,160,7.233,163.66,163.66,4.984
9,161,5.738,0.004,268.977,3.258
